dem_req_rate	req_rate_localhost	con_rate_localhost	min_rep_rate_localhost	avg_rep_rate_localhost	max_rep_rate_localhost	stddev_rep_rate_localhost	resp_time_localhost	net_io_localhost	errors_localhost
20	1.5	1.0	0.0	0.6	1.4	0.6	24920.9	0.9	159.677419354839
40	0.9	1.2	0.0	0.0	0.0	0.0	0.0	0.2	101
60	0.5	1.2	0.0	0.0	0.0	0.0	0.0	0.1	101
80	1.0	1.2	0.0	0.0	0.0	0.0	0.0	0.3	101
100	1.1	1.0	0.0	0.1	1.2	0.4	45070.8	0.4	769.230769230769
120	1.2	1.2	0.0	0.0	0.0	0.0	0.0	0.3	101
140	1.0	1.2	0.0	0.0	0.0	0.0	0.0	0.3	101
160	1.0	1.0	0.0	0.1	1.2	0.3	45948.5	0.3	909.090909090909
180	1.1	1.0	0.0	0.1	1.2	0.3	46910.5	0.3	1428.57142857143
200	1.0	1.0	0.0	0.0	0.6	0.1	48765.9	0.3	3333.33333333333
